[
    {
        "id": 2643741,
        "name": "City of London",
        "state": "",
        "country": "GB",
        "coord": {
            "lon": -0.09184,
            "lat": 51.512791
        }
    },
	{
        "id": 2988507,
        "name": "Paris",
        "state": "",
        "country": "FR",
        "coord": {
            "lon": 2.3488,
            "lat": 48.853409
        }
    },
	{
        "id": 2964574,
        "name": "Dublin",
        "state": "",
        "country": "IE",
        "coord": {
            "lon": -6.26719,
            "lat": 53.34399
        }
    },
	{
        "id": 4229546,
        "name": "Washington",
        "state": "GA",
        "country": "US",
        "coord": {
            "lon": -82.739311,
            "lat": 33.73679
        }
    },
	{
        "id": 5128581,
        "name": "New York City",
        "state": "NY",
        "country": "US",
        "coord": {
            "lon": -74.005966,
            "lat": 40.714272
        }
    },
	{
        "id": 1273294,
        "name": "Delhi",
        "state": "",
        "country": "IN",
        "coord": {
            "lon": 77.216667,
            "lat": 28.666668
        }
    },
	{
        "id": 1275339,
        "name": "Mumbai",
        "state": "",
        "country": "IN",
        "coord": {
            "lon": 72.847939,
            "lat": 19.01441
        }
    },
	{
        "id": 3169070,
        "name": "Rome",
        "state": "",
        "country": "IT",
        "coord": {
            "lon": 12.4839,
            "lat": 41.894741
        }
    },
	{
        "id": 4500771,
        "name": "Berlin",
        "state": "NJ",
        "country": "US",
        "coord": {
            "lon": -74.929047,
            "lat": 39.791229
        }
    },
	{
        "id": 292223,
        "name": "Dubai",
        "state": "",
        "country": "AE",
        "coord": {
            "lon": 55.304722,
            "lat": 25.258169
        }
    },
]